user,group,task_id,started,create_shape,submitted,completed
00f86c5fc28e8d326cdae17ea97c7387,e6af7d42084352a39449e6d0a09b18cd,28,28,27,26,16
0157bc278747755031338f18c5ba4233,4fe25833f555e9903d2bb6bbeec3fbfb,8,8,8,8,7
031395e5e53450933d46c8646ae4ee27,e6af7d42084352a39449e6d0a09b18cd,7,7,7,6,5
049217092f0cf180df6272f85c8144b1,e6af7d42084352a39449e6d0a09b18cd,30,30,28,27,24
04efb31113020a35abc57f18b7c92b34,e6af7d42084352a39449e6d0a09b18cd,28,28,28,28,27
0760db831ec82e0c4b3349f6045d9669,4fe25833f555e9903d2bb6bbeec3fbfb,4,4,4,4,4
098f6bcd4621d373cade4e832627b4f6,c6262795f034865c9e9203305638ee79,1,1,0,0,0
098f6bcd4621d373cade4e832627b4f6,e21640b4aea9349ad77d86d6017cb061,12,12,10,10,8
09c0fd63d10090d7503972218cf4bfc3,e6af7d42084352a39449e6d0a09b18cd,29,29,28,26,22
0a7a979cbaa702f693c222990a433ba2,8cbfa61cb2b025b16b04a8e470422960,30,30,30,30,28
0b608ca6b3e7c2e5f31d7118cdc95a9b,4fe25833f555e9903d2bb6bbeec3fbfb,7,7,7,5,5
0d35fa2868a21199e36b159b49ae6aad,e6af7d42084352a39449e6d0a09b18cd,29,29,29,28,28
0f099d5808edc0d9345318303a996602,e6af7d42084352a39449e6d0a09b18cd,5,5,4,4,2
10b6d08eea990eacf342c323080e83f5,e6af7d42084352a39449e6d0a09b18cd,30,30,28,26,26
10db62423210c1642e3d793303d2a081,e6af7d42084352a39449e6d0a09b18cd,16,16,15,13,10
113d1b7d0977122f5962fa123325c015,e6af7d42084352a39449e6d0a09b18cd,27,27,27,26,26
1167e354a5b14bfe32706bdb0b67a0cf,8cbfa61cb2b025b16b04a8e470422960,29,29,29,29,28
11f0815f430c98926be1961578f4e383,cb71040b5bd1341a34afc24961536ebd,20,20,20,18,12
1222fa9a94d30af5ffb6006472aa5537,8cbfa61cb2b025b16b04a8e470422960,20,20,19,17,12
1295c9ddb112b1276f3967dad1b2ce7f,e21640b4aea9349ad77d86d6017cb061,2,2,2,2,2
12c016759e353d0bc14d1bccacba192c,4fe25833f555e9903d2bb6bbeec3fbfb,8,8,8,7,7
12c90b2d277f87dffd14e56879987369,e6af7d42084352a39449e6d0a09b18cd,11,11,10,9,8
12e1e72e84bf81d1bb70ceaaff147ee1,4fe25833f555e9903d2bb6bbeec3fbfb,10,10,10,10,9
15246dfc4342ffe2601e4ecee9017eea,95cd1f045a0329cf5595ae734ae7ae43,15,15,15,14,9
1552ddb0e271a09b410dcd36ad33768c,e6af7d42084352a39449e6d0a09b18cd,8,8,8,8,7
15776a754fac811d8592f8746dfe03f6,c6262795f034865c9e9203305638ee79,11,11,11,11,10
16877a7d2e69929dcf77a5b6ea4e6cd9,7a01ab37bd2729626dcaf96166390315,28,28,28,27,20
17db09f3cda608d44115c85fddc3c9ad,7a01ab37bd2729626dcaf96166390315,28,28,26,26,18
17f8fdb215276b60e1b97a24962ad0f2,7a01ab37bd2729626dcaf96166390315,29,29,28,24,20
18209fda6e66194eb48ac00ea2f10a16,7a01ab37bd2729626dcaf96166390315,30,30,25,23,20
185f8ea3abb5153621b2759e8972478f,c6262795f034865c9e9203305638ee79,17,17,17,17,12
1870d7fdb0afbbdbc37c32e2a644239f,e21640b4aea9349ad77d86d6017cb061,8,8,8,7,7
1a59df3d27c2f1544da042110abbff28,7a01ab37bd2729626dcaf96166390315,4,4,4,4,3
1b06f2a47bf02a5aeeb5eee15061dd76,c6262795f034865c9e9203305638ee79,8,8,8,8,7
1b55c999597635ddd855882330afecb8,8cbfa61cb2b025b16b04a8e470422960,5,5,5,4,4
1c727a6e8a2e5c5a98471503c322d1b4,e6af7d42084352a39449e6d0a09b18cd,9,9,9,9,9
1d0a0548d9586e4cd74019a0ce91c6d3,c6262795f034865c9e9203305638ee79,22,22,21,21,15
1f29e9843acc97006c607d1d50465a1d,4fe25833f555e9903d2bb6bbeec3fbfb,9,9,9,8,8
1f32ee4bde190b6194c8d956ef958987,e6af7d42084352a39449e6d0a09b18cd,28,28,28,27,27
1f53831aa8207f7fa53432515a1e6752,e6af7d42084352a39449e6d0a09b18cd,12,12,10,9,8
2085341eede3ffb7e2ffc72bbf0ae02b,4fe25833f555e9903d2bb6bbeec3fbfb,15,15,15,14,14
23cc150b3334c3f316fb29fd8c7bb48d,c6262795f034865c9e9203305638ee79,4,4,4,4,3
23e976a7cd66724ad7ddf04707c29f64,8cbfa61cb2b025b16b04a8e470422960,30,30,30,29,29
24484165b531c64c3151df9e29945731,4fe25833f555e9903d2bb6bbeec3fbfb,4,4,4,4,4
245b1824b004e18dc67f195876944f29,cb71040b5bd1341a34afc24961536ebd,12,12,11,11,11
260b88947a587ebbb88ab3988c0cc484,e6af7d42084352a39449e6d0a09b18cd,15,15,15,15,13
2636425489c6a77a532f75254d058a38,8cbfa61cb2b025b16b04a8e470422960,25,25,24,23,22
263c55cbe89c59d5374540a90c0e9425,e6af7d42084352a39449e6d0a09b18cd,22,22,22,22,21
270bf809fd1b7e871eebb0e6c39cb364,e21640b4aea9349ad77d86d6017cb061,6,6,5,5,4
27c2cc6a9a8c96ec409b61a0bf056976,cb71040b5bd1341a34afc24961536ebd,3,3,2,2,1
27f08f1a1996a8fe6c46de7787676953,e21640b4aea9349ad77d86d6017cb061,14,14,13,12,12
2828ad601746d2218f55b8ac4e94619d,e21640b4aea9349ad77d86d6017cb061,20,20,20,20,16
287866db18f943cf4cac87fc39e0eed2,e21640b4aea9349ad77d86d6017cb061,11,11,11,11,9
29fba46101c93b24f73945ea1e3994ef,7a01ab37bd2729626dcaf96166390315,30,30,27,27,16
2a772f5859b0bf6156f07f1412f2043a,4fe25833f555e9903d2bb6bbeec3fbfb,4,4,4,4,3
2accdfe177744666db2e039a12eca830,8cbfa61cb2b025b16b04a8e470422960,25,25,25,25,24
2adf7f3a2239344ded1b5c1f960b1e9e,e6af7d42084352a39449e6d0a09b18cd,1,1,1,1,0
2b0af0935243bf6aa00b6f7be5fdbabc,e6af7d42084352a39449e6d0a09b18cd,18,18,18,17,17
2b2396af4cbf91224f099e909c6068f7,4fe25833f555e9903d2bb6bbeec3fbfb,11,11,11,11,9
2d3db94690a19a62a0942fbd6ac30308,4fe25833f555e9903d2bb6bbeec3fbfb,6,6,6,5,4
2da50872be7a811e24a1cdec9c227829,7a01ab37bd2729626dcaf96166390315,30,30,28,27,21
2db95e8e1a9267b7a1188556b2013b33,7a01ab37bd2729626dcaf96166390315,1,1,0,0,0
2e473395015ae4d92006fd558776d59f,e21640b4aea9349ad77d86d6017cb061,25,25,23,19,15
2f0ac5ad17c9aa0ab1a3a01e8fea4ea8,e6af7d42084352a39449e6d0a09b18cd,30,30,30,28,27
2fc80637fca670560429037eb31234b6,e6af7d42084352a39449e6d0a09b18cd,19,19,18,17,14
302f89f8db8438ebfaf8ab4fd1d267f2,4fe25833f555e9903d2bb6bbeec3fbfb,7,7,7,7,6
30bb014e5b15dd9fc656d307c2ac78af,e21640b4aea9349ad77d86d6017cb061,15,15,13,12,7
30cc83a6a1f9f5d4331ee9b968e1b8f5,e21640b4aea9349ad77d86d6017cb061,6,6,6,6,5
318084c6adc2a40b0824ce52658f212b,cb71040b5bd1341a34afc24961536ebd,2,2,2,2,1
321e474105c67a79d3cbee73993c4af0,e21640b4aea9349ad77d86d6017cb061,16,16,16,16,15
3346993e67759021d1f7d17052cae1bb,7a01ab37bd2729626dcaf96166390315,27,27,26,26,25
33619c0e26fd218fbe79c78b631b7843,4fe25833f555e9903d2bb6bbeec3fbfb,9,9,9,9,8
34df13a769b46a72178b5495e12030ff,e6af7d42084352a39449e6d0a09b18cd,10,10,10,10,9
3a614ffabbc581c7298ad2d92ab1d137,cb71040b5bd1341a34afc24961536ebd,2,2,1,1,1
3ba430337eb30f5fd7569451b5dfdf32,e21640b4aea9349ad77d86d6017cb061,17,17,15,13,8
3c32dab9a9041d872c3d1dc527a8caee,cb71040b5bd1341a34afc24961536ebd,13,13,13,12,12
3d992da5acb90d3c9b53b9684d648306,e6af7d42084352a39449e6d0a09b18cd,30,30,30,30,29
3e3e76b766bc7657937a3a95297ad602,cb71040b5bd1341a34afc24961536ebd,2,2,2,2,1
3ea797888d868011497d6e0e56206f3b,4fe25833f555e9903d2bb6bbeec3fbfb,5,5,5,5,4
3f4fbcbac5da95a20fa08e5384cec0be,7a01ab37bd2729626dcaf96166390315,3,3,3,3,2
3fdae469073e50e17048175c8e63de7d,e21640b4aea9349ad77d86d6017cb061,15,15,15,15,15
40d788246ddbc125d1488077d7711321,4fe25833f555e9903d2bb6bbeec3fbfb,1,1,1,0,0
4610cc6adb8b0aeea29d5eb053a8bcc5,8cbfa61cb2b025b16b04a8e470422960,15,15,15,15,14
4713ace1b155ff9642b1a0ed67c1fdf3,8cbfa61cb2b025b16b04a8e470422960,24,24,24,23,22
476c86cda40e6f3a762d65030a131dd2,cb71040b5bd1341a34afc24961536ebd,16,16,15,15,14
47813ad0c16e58f98f9c9b049195600b,e21640b4aea9349ad77d86d6017cb061,11,11,11,11,10
48e2fa8526344763b562fc7318987b5f,e6af7d42084352a39449e6d0a09b18cd,11,11,10,9,8
49ab334e3991f54ab1e2d11869834191,8cbfa61cb2b025b16b04a8e470422960,30,30,30,30,28
4ae4eb7fe5a30b7ea567ee1ffd3ce9b5,8cbfa61cb2b025b16b04a8e470422960,20,20,20,18,16
4cac6d6f0016fa63c459c4e9d0aa16b1,8cbfa61cb2b025b16b04a8e470422960,10,10,10,10,9
4e46303a1a86e794ec6f495f04a1d95b,4fe25833f555e9903d2bb6bbeec3fbfb,1,1,1,1,0
4e4715f7254217e3086e400c20c6c46a,7a01ab37bd2729626dcaf96166390315,10,10,10,10,8
4ec219610dc2770a6877e012f1f4275f,e21640b4aea9349ad77d86d6017cb061,10,10,10,10,8
5092a4247d0b049bf77e89d824c535a4,e6af7d42084352a39449e6d0a09b18cd,6,6,6,6,5
516f1d9200914db303f76bbefbeff1ad,4fe25833f555e9903d2bb6bbeec3fbfb,10,10,10,10,9
520ea7a4dffdd14646427cb35cab5367,e21640b4aea9349ad77d86d6017cb061,8,8,8,5,5
54417fb66f18dc9566731e6f9033ba7c,cb71040b5bd1341a34afc24961536ebd,11,11,10,9,9
54b1e46a1ae286dff5c6f918f4fea3d7,cb71040b5bd1341a34afc24961536ebd,1,1,1,1,0
55136b14de831d3766fb638203cf2f1d,cb71040b5bd1341a34afc24961536ebd,4,4,4,4,3
56ccce25ead834182d605eff319bfa2c,cb71040b5bd1341a34afc24961536ebd,20,20,20,19,18
5724b11c82858d1aa6e80f800fda71df,7a01ab37bd2729626dcaf96166390315,30,30,30,30,27
5760acdfb9a7fe7637b49680a8dc2d47,e6af7d42084352a39449e6d0a09b18cd,30,30,30,29,28
57f8507e4d21db8e15a04f96e618fb38,e6af7d42084352a39449e6d0a09b18cd,9,9,9,9,7
58f4734cf6b706ff75c516a60d6b5781,cb71040b5bd1341a34afc24961536ebd,10,10,9,9,9
5adfb464337689314d03622f9f0b10c7,8cbfa61cb2b025b16b04a8e470422960,15,15,14,14,12
5b05639df7f654ec0b22e86cc1d1158b,c6262795f034865c9e9203305638ee79,14,14,12,12,11
5b376caf2913ef3a48a53e38cba2a2f0,e6af7d42084352a39449e6d0a09b18cd,22,22,19,19,15
5bc813de10b7e5cf4f75066d56c60778,cb71040b5bd1341a34afc24961536ebd,5,5,5,5,4
5c5f8fb35c0db55cea793e0b85c01d19,cb71040b5bd1341a34afc24961536ebd,17,17,17,17,17
5cce64bf55190c8816d80129f875b351,e21640b4aea9349ad77d86d6017cb061,2,2,2,1,1
5d483abb3f27510378f2b7672e83bc1e,e6af7d42084352a39449e6d0a09b18cd,20,20,17,16,14
5d9c68c6c50ed3d02a2fcf54f63993b6,4fe25833f555e9903d2bb6bbeec3fbfb,7,7,0,0,0
5dbb0c7e9eb3e307c96f39cfbc5f524b,e6af7d42084352a39449e6d0a09b18cd,30,30,28,28,23
5e186eef80240c4069112f359dadf9ef,e6af7d42084352a39449e6d0a09b18cd,30,30,30,29,29
5e28d61160368358430cfe1efe123aa9,e6af7d42084352a39449e6d0a09b18cd,20,20,20,19,17
61826b2435a7a079a118b0a8473a4ffa,e21640b4aea9349ad77d86d6017cb061,15,15,14,14,14
62201eb12dcba7f781f1f2e75482e1ef,e6af7d42084352a39449e6d0a09b18cd,16,16,16,16,15
62dad8bdc4268597b3ee4964cc2a3a87,95cd1f045a0329cf5595ae734ae7ae43,11,11,9,7,6
63ff74c01bb9518553cbde97472cb82a,8cbfa61cb2b025b16b04a8e470422960,13,13,12,12,12
665004d343e4f13c0714a7d0e54d78de,e6af7d42084352a39449e6d0a09b18cd,8,8,6,5,3
6672e613399b164cbfe36519dfc71f07,e21640b4aea9349ad77d86d6017cb061,9,9,9,9,8
66e12afc561f043a0ff56910f2b166d0,4fe25833f555e9903d2bb6bbeec3fbfb,11,11,11,11,10
684c851af59965b680086b7b4896ff98,cb71040b5bd1341a34afc24961536ebd,2,2,2,2,1
6aaba2aceab47f1f4390af407db96c2b,e6af7d42084352a39449e6d0a09b18cd,24,24,23,23,20
6b0db803ea472a64d60982fc9820ec6d,4fe25833f555e9903d2bb6bbeec3fbfb,8,8,8,7,6
6b9e327335e6ee0d123880dd0d537b0a,e6af7d42084352a39449e6d0a09b18cd,5,5,5,5,5
6cc3178b47d20716422c1c3f2c5fe96b,e21640b4aea9349ad77d86d6017cb061,11,11,11,11,10
6ee4b916ed4b2366f0c521b3379f7960,e6af7d42084352a39449e6d0a09b18cd,28,28,27,27,27
6f6b458eb58d511b0bc127cd67a81f84,e6af7d42084352a39449e6d0a09b18cd,30,30,30,30,29
6f92f9126b33790d7fef01f949d8334b,4fe25833f555e9903d2bb6bbeec3fbfb,1,1,0,0,0
6fb00a0a9c2e6b84352abd12b0f53c0b,7a01ab37bd2729626dcaf96166390315,6,6,6,6,4
6fb3ff8d301777e350eebeb04ef58c4a,e21640b4aea9349ad77d86d6017cb061,20,20,18,18,13
70c2fe415227245dbd643fe14a70a22f,7a01ab37bd2729626dcaf96166390315,25,25,25,25,20
712d1197ed1e2c07b4c8544bd192c450,c6262795f034865c9e9203305638ee79,6,6,6,5,5
73002223a76a57543bc0d9e92c685d21,e6af7d42084352a39449e6d0a09b18cd,29,29,27,26,17
743b7d8a8341513e9865fdb1d08685b0,c6262795f034865c9e9203305638ee79,12,12,12,12,12
7460c7ca07460c8b16f7b14aff5e4d8c,e21640b4aea9349ad77d86d6017cb061,8,8,8,7,6
7738af89c35a17ea95c600683473bb33,7a01ab37bd2729626dcaf96166390315,30,30,28,27,22
7801d79b9626077d540a1788ce9d2031,cb71040b5bd1341a34afc24961536ebd,7,7,7,7,6
781ddfc1403d3625fe99f9cb5986f096,4fe25833f555e9903d2bb6bbeec3fbfb,3,3,3,3,2
7978544a75b7e49d6a5cfe95fe3ded56,e6af7d42084352a39449e6d0a09b18cd,23,23,22,21,15
7a2c3ba5b630c18ff35177361c93141b,e6af7d42084352a39449e6d0a09b18cd,30,30,30,29,28
7ad6a5644dc189d2dd6b366b70f9cca9,e6af7d42084352a39449e6d0a09b18cd,30,30,29,27,27
7b9a493e34e392a009485838e8c3bfba,e6af7d42084352a39449e6d0a09b18cd,7,7,7,7,6
7be8b35ba9d4b1ad7c3d3f32b585df6f,e21640b4aea9349ad77d86d6017cb061,5,5,5,5,4
7ccdfc4cbcb4802bdc2b511f8d89eee3,8cbfa61cb2b025b16b04a8e470422960,2,2,2,2,1
7dbcf48d9abd3b7ac3e5efa0cb8fe8a2,c6262795f034865c9e9203305638ee79,16,16,16,16,15
7e95e0d124f5d7852af4b05082db7b1c,e21640b4aea9349ad77d86d6017cb061,20,20,20,20,15
7ea1d408020c8831efec76c7554e5abf,e21640b4aea9349ad77d86d6017cb061,19,19,16,15,10
7efcb41a92a61b13280d8c19e2fef302,e6af7d42084352a39449e6d0a09b18cd,30,30,30,30,29
82ad0b937435798fbb2091527e421451,7a01ab37bd2729626dcaf96166390315,29,29,27,26,24
8572b2a0310a5e510f661e7817120458,8cbfa61cb2b025b16b04a8e470422960,14,14,14,14,10
85e2dbc0501c15f84b17a1fd7364467d,4fe25833f555e9903d2bb6bbeec3fbfb,8,8,8,8,5
86d2b048783ff0715f22a20e6e259ed3,e6af7d42084352a39449e6d0a09b18cd,11,11,11,10,8
86e8f92f3a09a2f64ae0c8eedfbf7e53,7a01ab37bd2729626dcaf96166390315,30,30,30,30,30
86eafa4b05f579291048d9f8e4e715fd,8cbfa61cb2b025b16b04a8e470422960,30,30,21,20,14
8722a7065bec725bd89027515a38ce3f,7a01ab37bd2729626dcaf96166390315,20,20,20,19,17
8b44d17f9b0196463b19431a948a9e98,7a01ab37bd2729626dcaf96166390315,30,30,30,30,29
8b646f630d19b5df0e56ad347301a533,e6af7d42084352a39449e6d0a09b18cd,20,20,18,17,16
8cec40ccb0fb360dd8828fa1d8843528,e6af7d42084352a39449e6d0a09b18cd,8,8,7,7,7
8e27fc67618a1dcc6930342eb60c293a,8cbfa61cb2b025b16b04a8e470422960,30,30,30,29,27
90fd4d4e0af8796d9bff08c93a37690a,c6262795f034865c9e9203305638ee79,16,16,16,16,16
91e46c07c7105f932dadf5e732bdf1d0,e21640b4aea9349ad77d86d6017cb061,15,15,15,15,14
922d9b752ef23eb9c27b22dd9e96b0dd,c6262795f034865c9e9203305638ee79,22,22,22,22,18
92477c49111067683732d8dfc987d006,e6af7d42084352a39449e6d0a09b18cd,28,28,28,27,27
947329e4045fb60fd62c6ee739583545,e6af7d42084352a39449e6d0a09b18cd,30,30,24,23,17
953ea80f89aa793f2d8a17d212646301,e6af7d42084352a39449e6d0a09b18cd,22,22,22,22,21
96ddabca419f7153f2c0ed0cba63a9e4,4fe25833f555e9903d2bb6bbeec3fbfb,6,6,5,5,4
993408ffe6e0e8aead57ab51a1ef269d,7a01ab37bd2729626dcaf96166390315,3,3,3,3,2
9b5657ee770823fe25d1c7aeb56e6bf5,7a01ab37bd2729626dcaf96166390315,30,30,30,30,28
9e663ef15cba5a9afa81c93d878e0142,7a01ab37bd2729626dcaf96166390315,22,22,22,21,21
9ebecebccf7f8b60313c913a80f70f47,4fe25833f555e9903d2bb6bbeec3fbfb,10,10,9,9,9
9f5b213ac14a39e0506ff211a2ff2ffc,4fe25833f555e9903d2bb6bbeec3fbfb,8,8,8,8,8
a0598c170ea4cb8cc78c7ad7409e9d93,c6262795f034865c9e9203305638ee79,19,19,19,19,16
a0734c7ec07d25795ad022c40f9e6ad8,e6af7d42084352a39449e6d0a09b18cd,1,1,1,0,0
a0b74e464805c9da87a54f1eb541ecf0,e21640b4aea9349ad77d86d6017cb061,3,3,3,3,2
a139eff80ad1587e94570be61a28219e,e6af7d42084352a39449e6d0a09b18cd,24,24,23,23,22
a283b675d67d1d68be3638180a7e5be3,7a01ab37bd2729626dcaf96166390315,30,30,25,23,20
a2fa97f09291175fc3aa77a9749673d6,e21640b4aea9349ad77d86d6017cb061,11,11,11,10,9
a37a6bbde30f576840b754d721c3b767,c6262795f034865c9e9203305638ee79,27,27,27,27,26
a462a6e2243d3f8469847e9c5330b8b1,cb71040b5bd1341a34afc24961536ebd,2,2,2,2,1
a48c50f9ef3ef60c304e7e4ca5d775cb,4fe25833f555e9903d2bb6bbeec3fbfb,9,9,8,8,8
a53cd649ff5a2d9179498975e93ac8a4,7a01ab37bd2729626dcaf96166390315,24,24,23,22,20
a5c3e0a06735be3f1c9f396c68be10a9,e21640b4aea9349ad77d86d6017cb061,7,7,7,7,6
a66f852274a441f4f9676b070c0c64db,e21640b4aea9349ad77d86d6017cb061,23,23,23,22,19
a6f176cf29c7a3e3bf3fc3c2362ac8c8,e6af7d42084352a39449e6d0a09b18cd,30,30,30,29,28
a7cd72c73f26587b48a0800d7e3d1fa6,cb71040b5bd1341a34afc24961536ebd,15,15,15,15,14
a7d70a79fa9f7d3dec47bac5541e53be,4fe25833f555e9903d2bb6bbeec3fbfb,7,7,5,3,2
a86925711409ca9c76b1f1c1ef43d281,8cbfa61cb2b025b16b04a8e470422960,30,30,30,30,29
a89dc0a90ec4abfdc92e621e3ca80748,4fe25833f555e9903d2bb6bbeec3fbfb,14,14,13,13,8
a8d110698c69055de0f594ab2956dde2,e6af7d42084352a39449e6d0a09b18cd,25,25,23,23,21
a9381a5d6b310e58bb06df10c0a8bcfa,e6af7d42084352a39449e6d0a09b18cd,14,14,14,14,13
a9eac4d5476d2f20a263becdc89ca829,e6af7d42084352a39449e6d0a09b18cd,7,7,6,6,4
ab8c358afd1e639192d0abb1c5c0c9cb,95cd1f045a0329cf5595ae734ae7ae43,6,6,6,4,3
ac5b8161e38c3ac6753b0654de52823b,cb71040b5bd1341a34afc24961536ebd,14,14,14,14,14
adf5228f64a7d8954ae7614729729f4a,c6262795f034865c9e9203305638ee79,30,30,30,28,28
aee91e2e71de85a2f48d3d1a62749939,c6262795f034865c9e9203305638ee79,24,24,24,24,22
afa648f0959b8ff1a10ddb9c643aa172,4fe25833f555e9903d2bb6bbeec3fbfb,16,16,16,16,12
b15f2a5087a673d4606ce6018525e7a0,e21640b4aea9349ad77d86d6017cb061,23,23,21,21,19
b2531b7f78817a6d4acda4a109b7a431,4fe25833f555e9903d2bb6bbeec3fbfb,11,11,11,11,10
b25afda10342aa07780ccf349f6f3015,cb71040b5bd1341a34afc24961536ebd,20,20,20,20,16
b268d12ce8397a934edad8c75983afdd,e21640b4aea9349ad77d86d6017cb061,14,14,14,13,10
b316cbf7331dbefba42e77a52c831e51,8cbfa61cb2b025b16b04a8e470422960,10,10,10,9,7
b478c820d69d14fef95a7d533246cfe2,cb71040b5bd1341a34afc24961536ebd,1,1,1,1,1
b569f465acee475bc6eb06a288b823c7,e6af7d42084352a39449e6d0a09b18cd,2,2,2,2,1
b69eb4ca4b4ae19e8e4f2e3129da7fd3,cb71040b5bd1341a34afc24961536ebd,21,21,21,21,20
b6bb897191ae7db466d040eff341f576,cb71040b5bd1341a34afc24961536ebd,11,11,10,10,9
b7b6a911ecb48add616af2d2546f77de,e6af7d42084352a39449e6d0a09b18cd,30,30,28,28,25
b850165f89f378954e3a6454177711e4,cb71040b5bd1341a34afc24961536ebd,8,8,7,7,7
b8f38a202d7b62fad5756326e758ab2b,e21640b4aea9349ad77d86d6017cb061,2,2,2,2,0
ba915e03a3635bdb819f0e6d4000c5ca,e21640b4aea9349ad77d86d6017cb061,18,18,15,12,7
bac28f12fa9332df145bc5950d29c5d4,cb71040b5bd1341a34afc24961536ebd,25,25,25,25,24
bd6a63c5523e2eced8f2dc3bd2aaea5e,cb71040b5bd1341a34afc24961536ebd,18,18,18,18,15
bd9ae4e1453529db67c9f12cc318df66,cb71040b5bd1341a34afc24961536ebd,2,2,2,2,1
be778b20fbbc034986feccd6f320585f,e6af7d42084352a39449e6d0a09b18cd,18,18,18,18,16
be92bec7a507e83c33700633c0a59255,e6af7d42084352a39449e6d0a09b18cd,25,25,25,25,24
bee2a34ccb9b04e94c012b32c0228791,4fe25833f555e9903d2bb6bbeec3fbfb,2,2,2,2,2
beecc47689704115072807cd992ddc7b,e6af7d42084352a39449e6d0a09b18cd,24,24,22,20,18
bf0a784fe1efa01dc5a2e1ccd1f731fc,e6af7d42084352a39449e6d0a09b18cd,27,27,27,27,24
bf76c066852c378feeaf64cbc6eef4f9,cb71040b5bd1341a34afc24961536ebd,8,8,8,7,7
bf837b2d3b9345552bf9c7692f4ed9e9,8cbfa61cb2b025b16b04a8e470422960,22,22,19,19,13
bfc0042bbe42e56ce5a8d2d9b8c0f4e4,4fe25833f555e9903d2bb6bbeec3fbfb,2,2,2,2,1
bfef85ef3bdfda5d39803c036e187cb3,cb71040b5bd1341a34afc24961536ebd,6,6,5,4,2
bff3d4d4d0de5158652dbd6cf8a033f6,cb71040b5bd1341a34afc24961536ebd,1,1,1,0,0
c08daa0a4e7dfc7899ae8ffd4b5b1f45,95cd1f045a0329cf5595ae734ae7ae43,14,14,14,14,12
c107fca5bfaacfb2acdb4f696d639741,e21640b4aea9349ad77d86d6017cb061,16,16,16,16,15
c1e1d3389671bcfccbe590ce97c36b42,c6262795f034865c9e9203305638ee79,6,6,6,5,5
c396e31c6edc38e39218252ebc243b3c,e21640b4aea9349ad77d86d6017cb061,10,10,10,10,9
c3db769de9f799bc76b49a478276d45e,7a01ab37bd2729626dcaf96166390315,30,30,28,28,27
c4374012b768c14df138b56f25018b58,e21640b4aea9349ad77d86d6017cb061,23,23,23,23,17
c43889e351f4bfee0ab575565214a1b1,cb71040b5bd1341a34afc24961536ebd,21,21,20,19,19
c4e5c4626027530f46a81ff750f68b7f,e21640b4aea9349ad77d86d6017cb061,5,5,5,5,4
c63e4c7092dc66e2c40ac54e40e2589d,8cbfa61cb2b025b16b04a8e470422960,9,9,9,9,7
c658a12e036d24a8bc2e0e0fa2343ade,c6262795f034865c9e9203305638ee79,12,12,11,11,10
c90e00e6590150ee969146996428ed57,95cd1f045a0329cf5595ae734ae7ae43,11,11,11,9,6
ca35f06de1cb31608714f602522da941,e6af7d42084352a39449e6d0a09b18cd,16,16,16,16,14
caf081d70252877a1fdf2e72872355d0,e21640b4aea9349ad77d86d6017cb061,2,2,2,2,1
cc9b0177c4af699f8c39c9f7126fa4a4,e6af7d42084352a39449e6d0a09b18cd,22,22,22,21,21
ce2264a639e01f4ca75a0c242fbafb09,8cbfa61cb2b025b16b04a8e470422960,5,5,5,4,1
d0eb9b379fb70519d83b457b6c85ec4d,4fe25833f555e9903d2bb6bbeec3fbfb,8,8,8,7,7
d1b81842e7f52c7e4bfee0b60735bdf1,95cd1f045a0329cf5595ae734ae7ae43,21,21,20,19,17
d2123496f464e618b6b4baf50c3da1e6,cb71040b5bd1341a34afc24961536ebd,23,23,23,23,21
d2695d1ecd5266079525ebc7d197c5c2,e6af7d42084352a39449e6d0a09b18cd,28,28,27,26,26
d278cc3740e7ce2167235bc2fab96726,7a01ab37bd2729626dcaf96166390315,1,1,1,0,0
d4fa4c2c02058f0323918427c09248bf,e6af7d42084352a39449e6d0a09b18cd,8,8,7,6,5
d63179744205c56977834576f42dd328,cb71040b5bd1341a34afc24961536ebd,11,11,11,11,11
d73754f6b5d308b307e394440a59d165,7a01ab37bd2729626dcaf96166390315,30,30,30,30,24
d74e4aa0805fc05a35d64a50fc0e84de,8cbfa61cb2b025b16b04a8e470422960,15,15,15,15,14
d92de6cb8908be5916910148ab008b2c,e21640b4aea9349ad77d86d6017cb061,16,16,15,14,11
d979871f68a9e367eb3a5df8be7c4bf4,cb71040b5bd1341a34afc24961536ebd,19,19,18,18,15
dae8f18dec37209033af50bf2bc6722d,8cbfa61cb2b025b16b04a8e470422960,15,15,15,15,14
e08bc4c6e82c2fce47308de23960f73c,4fe25833f555e9903d2bb6bbeec3fbfb,5,5,5,5,4
e129f5ced2d36f872763fd95b8747655,cb71040b5bd1341a34afc24961536ebd,11,11,10,9,9
e38b2dcc1efd0d9e05a0059b29939914,e6af7d42084352a39449e6d0a09b18cd,23,23,20,18,17
e38cbe491d2d84c6d4cdf2ed08e78d55,e21640b4aea9349ad77d86d6017cb061,11,11,10,10,9
e3d9bb1dbe4394feac89c0974e04a53f,4fe25833f555e9903d2bb6bbeec3fbfb,5,5,5,5,4
e42c1c9f7c7267e0ec513ab911b1b498,cb71040b5bd1341a34afc24961536ebd,2,2,2,2,1
e475e17ea1c7251d27d011af6111af63,e6af7d42084352a39449e6d0a09b18cd,15,15,13,12,10
e6662110d004759d74de8f6a94dcf85a,cb71040b5bd1341a34afc24961536ebd,15,15,15,15,13
e70ebd06402419a86ba195a0da517c67,e6af7d42084352a39449e6d0a09b18cd,14,14,12,12,11
e71fff89938ec1fe219e736fa36f8b6b,e6af7d42084352a39449e6d0a09b18cd,26,26,26,26,25
e7a1c28b6e31fa4ce644626262e21991,e21640b4aea9349ad77d86d6017cb061,8,8,8,7,7
e7bac32dd5a8b21a4b027108c836b2f5,cb71040b5bd1341a34afc24961536ebd,11,11,10,9,9
e86797831be7ef238bf4da814e085931,4fe25833f555e9903d2bb6bbeec3fbfb,1,1,0,0,0
e94bcd5830a6a2d1e9af610edfdc52dc,e6af7d42084352a39449e6d0a09b18cd,24,24,24,24,22
ea569ef5f2caa3294f865787d01bebfb,e21640b4aea9349ad77d86d6017cb061,13,13,13,13,12
eaee82f96dc626a30a8f6097beae44fa,7a01ab37bd2729626dcaf96166390315,30,30,30,30,27
eb28ab106ea3efb1b9e586b1b531b7b8,c6262795f034865c9e9203305638ee79,8,8,8,6,5
eb31edc705bc6a52f30c37c1622267cc,e6af7d42084352a39449e6d0a09b18cd,18,18,18,17,17
ecc47748b7ef0ae450de9371e64b0b5b,e6af7d42084352a39449e6d0a09b18cd,10,10,10,10,9
ed85b33be7a53b79744ce29fb600966d,7a01ab37bd2729626dcaf96166390315,21,21,21,21,20
ee9244078bab1b7e54aa21c9af7c9f69,e21640b4aea9349ad77d86d6017cb061,10,10,10,10,9
eeb4ac2443dd0496ffbefa6780f4d7d4,e21640b4aea9349ad77d86d6017cb061,11,11,11,11,9
ef0b43cdf2d6ac99ff1bf5c2284e932a,e6af7d42084352a39449e6d0a09b18cd,30,30,30,30,29
f05b5d1373b538bfbdea776a3aff23db,c6262795f034865c9e9203305638ee79,9,9,9,9,8
f093c0d517d1cfcedd496536160f18d4,c6262795f034865c9e9203305638ee79,19,19,19,19,17
f22d5e004366e83c9eb106b13b21bc9d,e6af7d42084352a39449e6d0a09b18cd,30,30,24,23,22
f328f213fa502ed9b06a2f5f6ed88086,8cbfa61cb2b025b16b04a8e470422960,22,22,22,21,21
f335e6139464347a152729767b7c10e6,8cbfa61cb2b025b16b04a8e470422960,5,5,3,3,1
f46a2482f35a0a401bf611fd85f4339d,e21640b4aea9349ad77d86d6017cb061,18,18,17,17,14
f50c8d5d6414f0e64ef8c21973d0a6d6,e6af7d42084352a39449e6d0a09b18cd,29,29,29,27,27
f520f6763fdb355659089797cfbd25e0,e6af7d42084352a39449e6d0a09b18cd,30,30,30,30,29
f56eef88a0f83f726712b0fecbc81552,e21640b4aea9349ad77d86d6017cb061,16,16,16,16,16
f58c606cf3549cbca186b628293cf2b3,7a01ab37bd2729626dcaf96166390315,21,21,21,21,20
f5c024ffd3a74a95a557f9c2099d5dc4,c6262795f034865c9e9203305638ee79,7,7,7,6,6
f5c577edc3b46150d0cbae675ee7e459,8cbfa61cb2b025b16b04a8e470422960,21,21,21,21,20
f69a717e8b17ef8d693def8d5a8f4993,e6af7d42084352a39449e6d0a09b18cd,19,19,18,18,15
f7383b2902f1761b425ff7df7ae095fc,8cbfa61cb2b025b16b04a8e470422960,6,6,6,5,5
f7383b2902f1761b425ff7df7ae095fc,e6af7d42084352a39449e6d0a09b18cd,6,6,6,5,4
f780fb1266b2137865259660adcf0b0a,e21640b4aea9349ad77d86d6017cb061,5,5,5,5,4
f7884fbfb9abf578e87729c0c6e4e9c6,e6af7d42084352a39449e6d0a09b18cd,8,8,8,8,7
f7ab47845da1e7938d6eacd273fff776,8cbfa61cb2b025b16b04a8e470422960,18,18,18,18,16
f7ce6e7ecd96412457901bd9e2409788,cb71040b5bd1341a34afc24961536ebd,15,15,15,15,14
fa5c548b7886cc9a4a03da68cb414905,e21640b4aea9349ad77d86d6017cb061,15,15,14,12,10
fb039fa921dd55d1b7eb210d8a5f75fc,e6af7d42084352a39449e6d0a09b18cd,30,30,30,30,28
fb504c1409250aaef610c9d9b7306e18,e21640b4aea9349ad77d86d6017cb061,7,7,7,7,6
fb72fa38101a46d8857571aec0be9ce0,e21640b4aea9349ad77d86d6017cb061,3,3,3,3,2
fd8558801677dd29161b880a74cb9c81,8cbfa61cb2b025b16b04a8e470422960,29,29,29,28,28
fd934ef7ae0a2bc9ef543c6317cd3fd0,e6af7d42084352a39449e6d0a09b18cd,2,2,2,2,1
ff8662d59180b49cef99ccbea2414fac,7a01ab37bd2729626dcaf96166390315,30,30,26,26,23
ffa946ca09448817699cabbb3dd78d56,e6af7d42084352a39449e6d0a09b18cd,29,29,28,28,27
ffb0d9f90251dac55dde43e4cae2c46c,4fe25833f555e9903d2bb6bbeec3fbfb,3,3,3,3,2
